episode,score,steps,total_steps,exploration,mean_loss,elapsed_seconds,terminated,truncated
1,130.0,385,385,1.0,nan,0.6947683589996814,True,False
2,480.0,734,1119,0.2,0.027531183204458406,2.030384554000193,True,False
3,450.0,524,1643,0.2,0.030578849523706816,3.914153900999736,True,False
4,520.0,576,2219,0.2,0.029759408758157708,5.973050650000005,True,False
5,380.0,459,2678,0.2,0.03341397083384673,7.830491226000049,True,False
6,210.0,288,2966,0.2,0.03448233252210128,10.258868926000105,True,False
7,480.0,436,3402,0.2,0.031918696680537706,14.175635699999475,True,False
8,410.0,453,3855,0.2,0.0342040042335217,17.67338909799946,True,False
9,220.0,327,4182,0.2,0.035825139105571266,19.3745895510001,True,False
10,410.0,442,4624,0.2,0.0364315007930739,21.187283307000143,True,False
11,410.0,427,5051,0.2,0.042191254612023256,23.302581453999665,True,False
12,540.0,523,5574,0.2,0.04326045722522922,25.16743289199985,True,False
13,1500.0,780,6354,0.2,0.04314051902948473,27.874268821999976,True,False
14,2130.0,872,7226,0.2,0.04558022976148053,30.857276672999433,True,False
15,890.0,768,7994,0.2,0.04141237191045851,33.68975908499942,True,False
16,460.0,443,8437,0.2,0.046265131942843936,35.96483221000017,True,False
17,380.0,428,8865,0.2,0.043212004948111477,37.58731311599968,True,False
18,930.0,728,9593,0.2,0.043537727216831766,40.20648215100027,True,False
19,2340.0,839,10432,0.2,0.04565382249337355,43.19201564499963,True,False
20,400.0,391,10823,0.2,0.04550869263151718,44.677399948999664,True,False
21,1120.0,699,11522,0.2,0.040277556192595515,47.51616185199964,True,False
22,490.0,481,12003,0.2,0.04065156076103449,49.74343636100002,True,False
23,210.0,347,12350,0.2,0.04597305845276549,51.11361481499989,True,False
24,330.0,338,12688,0.2,0.03996180732296232,52.43848839899965,True,False
25,440.0,468,13156,0.2,0.04503072064338077,54.19603223800004,True,False
26,360.0,413,13569,0.2,0.043688365081958114,57.855634206000104,True,False
27,550.0,512,14081,0.2,0.042757070567859046,59.92603411100026,True,False
28,400.0,428,14509,0.2,0.04145191886454655,62.116478480000296,True,False
29,380.0,406,14915,0.2,0.04278417941791439,63.61518929199974,True,False
30,300.0,339,15254,0.2,0.042726925383869775,64.91116129900001,True,False
31,430.0,558,15812,0.2,0.043874705835644685,66.91853455099954,True,False
32,230.0,309,16121,0.2,0.038918712699495546,68.09045143899948,True,False
33,410.0,644,16765,0.2,0.039097064159527094,70.42269343499993,True,False
34,680.0,523,17288,0.2,0.03779196246608893,72.5495651199999,True,False
35,400.0,362,17650,0.2,0.04404596938855118,74.45659558999978,True,False
36,720.0,683,18333,0.2,0.04270191852014229,77.00370459399983,True,False
37,1110.0,960,19293,0.2,0.03926990326678303,80.34803125999952,True,False
38,480.0,528,19821,0.2,0.04448095044107035,82.27940979999948,True,False
39,430.0,496,20317,0.2,0.04367044342741851,84.06516438499966,True,False
40,970.0,1001,21318,0.2,0.04159073574654758,88.25740296099957,True,False
41,1060.0,554,21872,0.2,0.04220000493655102,90.2539881570001,True,False
42,780.0,724,22596,0.2,0.0417343227183755,93.71911071700015,True,False
43,580.0,574,23170,0.2,0.04124161240301206,95.8855610390001,True,False
44,250.0,408,23578,0.2,0.04102669373684216,97.40466726100021,True,False
45,900.0,747,24325,0.2,0.03969560208622077,100.79391116199986,True,False
46,290.0,396,24721,0.2,0.04620888711640028,102.27274860499983,True,False
47,900.0,851,25572,0.2,0.0427477481234447,105.31714389599983,True,False
48,640.0,519,26091,0.2,0.040940456834166895,107.20162290000007,True,False
49,730.0,638,26729,0.2,0.04339094360620947,109.47137042699978,True,False
50,690.0,621,27350,0.2,0.042341135696117436,112.04519706300016,True,False
51,360.0,559,27909,0.2,0.04500278397879031,116.76616420600021,True,False
52,780.0,876,28785,0.2,0.042315938933268744,119.78350963199955,True,False
53,730.0,604,29389,0.2,0.04472085949656436,121.95723636099956,True,False
54,330.0,621,30010,0.2,0.04241016784780509,125.01112172299963,True,False
55,290.0,344,30354,0.2,0.03868380626717712,126.66993017099958,True,False
56,510.0,422,30776,0.2,0.04144520469598542,128.23935111399987,True,False
57,460.0,435,31211,0.2,0.04205029995797237,129.81855492700015,True,False
58,560.0,805,32016,0.2,0.04059119637603733,132.68342752599983,True,False
59,350.0,600,32616,0.2,0.04040152194987361,134.85983363099967,True,False
60,680.0,737,33353,0.2,0.04172099675887021,137.816666445,True,False
61,340.0,789,34142,0.2,0.0436756928025291,141.04924157000005,True,False
62,470.0,690,34832,0.2,0.03442131737455715,143.4857112210002,True,False
63,830.0,512,35344,0.2,0.03945116181466801,145.36297016299977,True,False
64,1560.0,727,36071,0.2,0.038954786341431555,147.94061346499984,True,False
65,1490.0,689,36760,0.2,0.03780658928087961,150.8094214769999,True,False
66,690.0,648,37408,0.2,0.04039703138506063,153.45879199199953,True,False
67,400.0,454,37862,0.2,0.044997257617326966,155.09804656199958,True,False
68,400.0,414,38276,0.2,0.047507221322470844,156.62840291500015,True,False
69,310.0,321,38597,0.2,0.04945619807404,157.82932553299997,True,False
70,1500.0,877,39474,0.2,0.05236917719793544,160.89650525700017,True,False
71,1240.0,649,40123,0.2,0.05276890228614556,163.74043239599996,True,False
72,200.0,405,40528,0.2,0.04815585508157371,165.60710047500015,True,False
73,1000.0,846,41374,0.2,0.049511361777808925,168.58850391499982,True,False
74,1520.0,859,42233,0.2,0.04500218901544983,171.60324111799946,True,False
75,360.0,434,42667,0.2,0.04083453383538182,173.2069318419999,True,False
76,460.0,503,43170,0.2,0.048446481304598,177.75500874099998,True,False
77,1030.0,1089,44259,0.2,0.045658552215600674,181.51960662199963,True,False
78,430.0,435,44694,0.2,0.054909113066168413,183.12776718799978,True,False
79,1360.0,635,45329,0.2,0.05560760291764782,185.4094041950002,True,False
80,270.0,370,45699,0.2,0.054523883384915636,186.83164633599972,True,False
81,860.0,878,46577,0.2,0.04487725360033272,190.61973222899996,True,False
82,290.0,471,47048,0.2,0.0463453572997192,192.36892323099983,True,False
83,750.0,694,47742,0.2,0.044718554568466205,194.87268976799987,True,False
84,470.0,489,48231,0.2,0.051239220116318006,196.71444707699993,True,False
85,460.0,592,48823,0.2,0.05035315638461553,198.8883665200001,True,False
86,1660.0,943,49766,0.2,0.051853404025709,202.79165321500022,True,False
87,390.0,434,50200,0.2,0.050041810929809416,204.58608082499995,True,False
88,1390.0,1053,51253,0.2,0.05018281316324474,208.2665721630001,True,False
89,1280.0,679,51932,0.2,0.052613470067872724,210.66054023000015,True,False
90,430.0,439,52371,0.2,0.04176319381136687,212.30103319199952,True,False
91,330.0,410,52781,0.2,0.05009509145182747,213.96968109799946,True,False
92,450.0,465,53246,0.2,0.05100362700789541,216.29247484299958,True,False
93,510.0,456,53702,0.2,0.05509059579650823,217.95557740099957,True,False
94,380.0,359,54061,0.2,0.04896944088136984,219.33390018599948,True,False
95,330.0,420,54481,0.2,0.05417574517916711,220.88546633900023,True,False
96,370.0,493,54974,0.2,0.057592259216447915,222.70098485800008,True,False
97,240.0,323,55297,0.2,0.05537062928218533,223.975966082,True,False
98,1600.0,922,56219,0.2,0.04953785178089595,227.57785624699954,True,False
99,740.0,639,56858,0.2,0.04927592774947698,230.3243599030002,True,False
100,1400.0,687,57545,0.2,0.051135854893715964,232.7418006930002,True,False
